name,price,productURL,imageURL
Coca-Cola Classic Soft Drink Bottle,$4.00,https://www.coles.com.au/product/coca-cola-classic-soft-drink-bottle-1.25l-123011,https://cdn.productimages.coles.com.au/productimages/1/123011.jpg
Coca-Cola Zero Sugar Soft Drink Bottle,$4.00,https://www.coles.com.au/product/coca-cola-zero-sugar-soft-drink-bottle-1.25l-2993706,https://cdn.productimages.coles.com.au/productimages/2/2993706.jpg
Coca-Cola Classic Soft Drink Multipack Cans 10x375ml,$20.00,https://www.coles.com.au/product/coca-cola-classic-soft-drink-multipack-cans-10x375ml-10-pack-1849307,https://cdn.productimages.coles.com.au/productimages/1/1849307.jpg
Coca-Cola Zero Sugar Soft Drink Can,$2.65,https://www.coles.com.au/product/coca-cola-zero-sugar-soft-drink-can-250ml-2993761,https://cdn.productimages.coles.com.au/productimages/2/2993761.jpg
Coca-Cola Zero Sugar Caffeine Free Soft Drink Bottle,$4.00,https://www.coles.com.au/product/coca-cola-zero-sugar-caffeine-free-soft-drink-bottle-1.25l-3989555,https://cdn.productimages.coles.com.au/productimages/3/3989555.jpg
Coca-Cola Vanilla Soft Drink,$4.00,https://www.coles.com.au/product/coca-cola-vanilla-soft-drink-1.25l-9391600,https://cdn.productimages.coles.com.au/productimages/9/9391600.jpg
Coca-Cola Zero Sugar Caffeine Free Soft Drink Multipack Cans 10x375ml,$20.00,https://www.coles.com.au/product/coca-cola-zero-sugar-caffeine-free-soft-drink-multipack-cans-10x375ml-10-pack-3989996,https://cdn.productimages.coles.com.au/productimages/3/3989996.jpg
Coca-Cola Classic Soft Drink Can,$2.65,https://www.coles.com.au/product/coca-cola-classic-soft-drink-can-250ml-2034105,https://cdn.productimages.coles.com.au/productimages/2/2034105.jpg
Coca-Cola Diet Coke Soft Drink Bottle,$4.00,https://www.coles.com.au/product/coca-cola-diet-coke-soft-drink-bottle-1.25l-419211,https://cdn.productimages.coles.com.au/productimages/4/419211.jpg
Coca-Cola Zero Sugar Vanilla Soft Drink Multipack Cans 10x375ml,$20.00,https://www.coles.com.au/product/coca-cola-zero-sugar-vanilla-soft-drink-multipack-cans-10x375ml-10-pack-3989974,https://cdn.productimages.coles.com.au/productimages/3/3989974.jpg
Coca-Cola Diet Soft Drink Multipack Cans 10x375mL,$20.00,https://www.coles.com.au/product/coca-cola-diet-soft-drink-multipack-cans-10x375ml-10-pack-1849318,https://cdn.productimages.coles.com.au/productimages/1/1849318.jpg
Coca-Cola Zero Sugar Vanilla Soft Drink Bottle,$4.00,https://www.coles.com.au/product/coca-cola-zero-sugar-vanilla-soft-drink-bottle-1.25l-3271060,https://cdn.productimages.coles.com.au/productimages/3/3271060.jpg
Coca-Cola Diet Soft Drink Mini Can,$2.65,https://www.coles.com.au/product/coca-cola-diet-soft-drink-mini-can-250ml-2034127,https://cdn.productimages.coles.com.au/productimages/2/2034127.jpg
Coca-Cola Zero Sugar Soft Drink Multipack Cans 24x375ml,$24.75,https://www.coles.com.au/product/coca-cola-zero-sugar-soft-drink-multipack-cans-24x375ml-24-pack-2993740,https://cdn.productimages.coles.com.au/productimages/2/2993740.jpg
Coca-Cola Classic Soft Drink Multipack Cans 24x375mL,$24.75,https://www.coles.com.au/product/coca-cola-classic-soft-drink-multipack-cans-24x375ml-24-pack-7365777,https://cdn.productimages.coles.com.au/productimages/7/7365777.jpg
Goes well together,$4.00,https://www.coles.com.au/product/coca-cola-zero-sugar-soft-drink-bottle-1.25l-2993706,https://cdn.productimages.coles.com.au/productimages/2/2993706.jpg
Coca-Cola Classic Soft Drink Multipack Mini Bottles 12x300ml,$12.00,https://www.coles.com.au/product/coca-cola-classic-soft-drink-multipack-mini-bottles-12x300ml-12-pack-7910342,https://cdn.productimages.coles.com.au/productimages/7/7910342.jpg
Coca-Cola Zero Sugar Soft Drink Multipack Mini Cans 6x250mL,$6.00,https://www.coles.com.au/product/coca-cola-zero-sugar-soft-drink-multipack-mini-cans-6x250ml-6-pack-4398690,https://cdn.productimages.coles.com.au/productimages/4/4398690.jpg
Coca-Cola Classic Soft Drink Multipack Mini Cans 6x250mL,$6.00,https://www.coles.com.au/product/coca-cola-classic-soft-drink-multipack-mini-cans-6x250ml-6-pack-4398689,https://cdn.productimages.coles.com.au/productimages/4/4398689.jpg
Coca-Cola Diet Coke Soft Drink 24x375ml,$24.75,https://www.coles.com.au/product/coca-cola-diet-coke-soft-drink-24x375ml-24-pack-4561203,https://cdn.productimages.coles.com.au/productimages/4/4561203.jpg
Coca-Cola Zero Caffeine Free Coke Soft Drink 6X250mL,$6.00,https://www.coles.com.au/product/coca-cola-zero-caffeine-free-coke-soft-drink-6x250ml-6-pack-6670094,https://cdn.productimages.coles.com.au/productimages/6/6670094.jpg
Coca-Cola Classic Glass Coke Soft Drink,$2.50,https://www.coles.com.au/product/coca-cola-classic-glass-coke-soft-drink-330ml-6317065,https://cdn.productimages.coles.com.au/productimages/6/6317065.jpg
Coca-Cola Diet Soft Drink 6x250mL,$6.00,https://www.coles.com.au/product/coca-cola-diet-soft-drink-6x250ml-6-pack-4398703,https://cdn.productimages.coles.com.au/productimages/4/4398703.jpg
Coca-Cola Zero Sugar Vanilla Soft Drink Multipack Mini Cans 6x250ml,$6.00,https://www.coles.com.au/product/coca-cola-zero-sugar-vanilla-soft-drink-multipack-mini-cans-6x250ml-6-pack-5484593,https://cdn.productimages.coles.com.au/productimages/5/5484593.jpg
Coca-Cola Zero Caffeine Zero Sugar Soft Drink,$3.80,https://www.coles.com.au/product/coca-cola-zero-caffeine-zero-sugar-soft-drink-600ml-9981024,https://cdn.productimages.coles.com.au/productimages/9/9981024.jpg
Coca-Cola Soft Drink Coke,$3.50,https://www.coles.com.au/product/coca-cola-soft-drink-coke-2l-191736,https://cdn.productimages.coles.com.au/productimages/1/191736.jpg
Coca-Cola Classic Soft Drink Multipack Glass Bottles 4x330mL,$9.60,https://www.coles.com.au/product/coca-cola-classic-soft-drink-multipack-glass-bottles-4x330ml-4-pack-3448271,https://cdn.productimages.coles.com.au/productimages/3/3448271.jpg
Coca-Cola Zero Sugar Soft Drink Multipack Glass Bottle 4x330mL,$9.60,https://www.coles.com.au/product/coca-cola-zero-sugar-soft-drink-multipack-glass-bottle-4x330ml-4-pack-3448282,https://cdn.productimages.coles.com.au/productimages/3/3448282.jpg
Coca-Cola Classic Soft Drink Multipack Cans 30x375ml,$50.00,https://www.coles.com.au/product/coca-cola-classic-soft-drink-multipack-cans-30x375ml-30-pack-8464796,https://cdn.productimages.coles.com.au/productimages/8/8464796.jpg
Coca-Cola Diet Soft Drink Multipack Cans 30x375ml,$50.00,https://www.coles.com.au/product/coca-cola-diet-soft-drink-multipack-cans-30x375ml-30-pack-8464800,https://cdn.productimages.coles.com.au/productimages/8/8464800.jpg
Coca-Cola Zero Sugar Soft Drink Multipack Cans 30x375ml,$50.00,https://www.coles.com.au/product/coca-cola-zero-sugar-soft-drink-multipack-cans-30x375ml-30-pack-8464810,https://cdn.productimages.coles.com.au/productimages/8/8464810.jpg
Coca-Cola Zero Sugar Soft Drink Multipack Cans 10x375mL,Price not available,https://www.coles.com.au/product/coca-cola-zero-sugar-soft-drink-multipack-cans-10x375ml-10-pack-2993739,Image not available
Coca-Cola Zero Sugar Soft Drink Multipack Bottles 12x300 ... 12 pack,Price not available,https://www.coles.com.au/product/coca-cola-zero-sugar-soft-drink-multipack-bottles-12x300ml-12-pack-1492374,Image not available
Coca-Cola Zero Sugar Caffeine Free Soft Drink Multipack Can ... 10 pack,Price not available,https://www.coles.com.au/product/coca-cola-zero-sugar-caffeine-free-soft-drink-multipack-cans-10x375ml-10-pack-3989996,Image not available
Coca-Cola Zero Sugar Vanilla Soft Drink Multipack Can ... 10 pack,Price not available,https://www.coles.com.au/product/coca-cola-zero-sugar-vanilla-soft-drink-multipack-cans-10x375ml-10-pack-3989974,Image not available
Coca-Cola Classic Soft Drink Multipack Mini Bottles 12x300 ... 12 pack,Price not available,https://www.coles.com.au/product/coca-cola-classic-soft-drink-multipack-mini-bottles-12x300ml-12-pack-7910342,Image not available
Coca-Cola Zero Sugar Vanilla Soft Drink Multipack Mini ... 6 pack,Price not available,https://www.coles.com.au/product/coca-cola-zero-sugar-vanilla-soft-drink-multipack-mini-cans-6x250ml-6-pack-5484593,Image not available
Coca-Cola Zero Sugar Soft Drink Multipack Glass Bottle 4x3 ... 4 pack,Price not available,https://www.coles.com.au/product/coca-cola-zero-sugar-soft-drink-multipack-glass-bottle-4x330ml-4-pack-3448282,Image not available
Coca-Cola Zero Sugar Soft Drink Multipack Bottles 12x300ml,$12.00,https://www.coles.com.au/product/coca-cola-zero-sugar-soft-drink-multipack-bottles-12x300ml-12-pack-1492374,https://cdn.productimages.coles.com.au/productimages/1/1492374.jpg
Coca Cola Zero Sugar 250ml,$25.00,https://www.coles.com.au/product/coca-cola-zero-sugar-250ml-15-pack-9989955,https://cdn.productimages.coles.com.au/productimages/9/9989955.jpg
Coca Cola Zero Caffeine Zero Sugar,$2.65,https://www.coles.com.au/product/coca-cola-zero-caffeine-zero-sugar-250ml-9985466,https://cdn.productimages.coles.com.au/productimages/9/9985466.jpg
Coca-Cola Cherry Cola Can,$2.50,https://www.coles.com.au/product/coca-cola-cherry-cola-can-355ml-2680530,https://cdn.productimages.coles.com.au/productimages/2/2680530.jpg
